,ID,縣市,單價,wgs84_x,wgs84_y
11,TR-12,台中市,1.114308917356535,24.115473694362674,120.6703032492056
13,TR-14,台中市,2.051217072136734,24.14676274444364,120.64328140190801
16,TR-17,台中市,1.09088621348703,24.181446276056146,120.614474377743
30,TR-31,台中市,1.2314224367040598,24.17320781521704,120.61297363238221
42,TR-43,台中市,1.8638354411806943,24.18442264540974,120.70621985388694
45,TR-46,台中市,1.09088621348703,24.254862099527177,120.72188435517019
46,TR-47,台中市,1.6530311063551495,24.11812773825972,120.66587931787878
52,TR-53,台中市,1.114308917356535,24.180501171266226,120.61564846880295
62,TR-63,台中市,2.425980334048814,24.171570249120396,120.66090804258918
65,TR-66,台中市,1.0440408057480202,24.18945050733092,120.70083395381768
67,TR-68,台中市,1.27826784444307,24.159951674533108,120.71490635494011
71,TR-72,台中市,1.0674635096175251,24.130223471865982,120.65613717485813
73,TR-74,台中市,1.7935673295721797,24.202404757704056,120.70405231163073
82,TR-83,台中市,1.0206181018785152,24.173065018231387,120.68862878764408
93,TR-94,台中市,1.4656494753991098,24.103400517793997,120.68703669966443
117,TR-118,台中市,0.9831417756873072,24.160199094640312,120.69349188990577
136,TR-137,台中市,1.395381363790595,24.181723361714965,120.71599974439992
138,TR-139,台中市,1.8638354411806943,24.165855183134738,120.63754992595571
144,TR-145,台中市,1.7232992179636646,24.175141955153865,120.639531485296
166,TR-167,台中市,0.9503499902700004,24.133133877750307,120.6656042099693
169,TR-170,台中市,1.6061856986161398,24.153580483537212,120.63590185292699
195,TR-196,台中市,1.0674635096175251,24.184055864420397,120.6217403099816
215,TR-216,台中市,1.5359175870076247,24.1894042662953,120.61575959886204
218,TR-219,台中市,1.0206181018785152,24.158877501796965,120.67871409941066
222,TR-223,台中市,1.348535956051585,24.110834896021956,120.65497901278964
224,TR-225,台中市,0.9737726941395052,24.12806938229466,120.67440313308472
249,TR-250,台中市,1.4656494753991098,24.191206060784864,120.6106061710653
272,TR-273,台中市,1.2314224367040598,24.15893594182427,120.64791215158176
290,TR-291,台中市,1.8404127373111896,24.195349793333854,120.68888969534433
295,TR-296,台中市,1.5218639646859218,24.162717551522608,120.6842844158254
306,TR-307,台中市,1.13773162122604,24.174273866431395,120.67939404007427
307,TR-308,台中市,1.55934029087713,24.15780253565873,120.67422940466554
321,TR-322,台中市,1.7232992179636646,24.19492215673815,120.68729606848449
372,TR-373,台中市,1.9575262566587144,24.135931094368477,120.66475077599496
378,TR-379,台中市,1.4422267715296049,24.145716855252413,120.63626852564997
399,TR-400,台中市,1.27826784444307,24.18708459330331,120.61969388712457
400,TR-401,台中市,1.7467219218331695,24.15632473041633,120.69309766789593
402,TR-403,台中市,2.332289518570794,24.186835320239528,120.68894972016741
403,TR-404,台中市,1.5827629947466348,24.10538758227818,120.60538707663109
415,TR-416,台中市,1.5359175870076247,24.170149228895003,120.63972265536496
418,TR-419,台中市,1.18457702896505,24.15229090539774,120.65207313464398
424,TR-425,台中市,1.0440408057480202,24.149151853822044,120.61217035197492
430,TR-431,台中市,1.9575262566587144,24.16309684239663,120.65114832133067
434,TR-435,台中市,1.348535956051585,24.118158391612944,120.66339029730679
467,TR-468,台中市,1.7232992179636646,24.147027425478708,120.69453682471578
478,TR-479,台中市,1.6998765140941594,24.16758672689961,120.66838825856763
488,TR-489,台中市,1.55934029087713,24.145295811646275,120.61195567389743
518,TR-519,台中市,1.6436620248073477,24.147393151722298,120.6706740529168
562,TR-563,台中市,2.051217072136734,24.142618728365008,120.6358148330954
569,TR-570,台中市,1.8169900334416844,24.109546842647372,120.66041251545371
570,TR-571,台中市,1.2923214667647729,24.152618327166913,120.61543671299962
574,TR-575,台中市,1.6998765140941594,24.1818504789076,120.64328234661275
582,TR-583,台中市,0.9503499902700004,24.111232379108383,120.68430259699193
585,TR-586,台中市,1.2314224367040598,24.17690490785805,120.71288057542222
586,TR-587,台中市,1.55934029087713,24.14898403137152,120.64720141877321
630,TR-631,台中市,1.6998765140941594,24.13205977266099,120.64575236818033
631,TR-632,台中市,1.4890721792686148,24.136807191449797,120.65274474862258
659,TR-660,台中市,1.55934029087713,24.17227404633365,120.68598324343827
668,TR-669,台中市,1.301690548312575,24.139202361093435,120.66596232235165
680,TR-681,台中市,1.301690548312575,24.178814439829406,120.69647889598767
684,TR-685,台中市,1.161154325095545,24.147704015708257,120.64812988897346
696,TR-697,台中市,1.5124948831381198,24.157833490896888,120.64753138468934
713,TR-714,台中市,0.8800818786614852,24.108698909907094,120.69056514343808
724,TR-725,台中市,1.27826784444307,24.158570717607475,120.71039247711266
754,TR-755,台中市,1.5827629947466348,24.157182418426345,120.71637876984774
764,TR-765,台中市,1.13773162122604,24.15940982076812,120.73488459552479
768,TR-769,台中市,1.5124948831381198,24.157940394147982,120.6928084254549
781,TR-782,台中市,1.6530311063551495,24.155431915984195,120.66362728550449
789,TR-790,台中市,1.6061856986161398,24.17198999380476,120.63541661674967
803,TR-804,台中市,1.9575262566587144,24.18201307406556,120.63947281411419
822,TR-823,台中市,1.6296084024856448,24.184614468604636,120.64372743002528
841,TR-842,台中市,1.7232992179636646,24.1385197033131,120.69802047062221
846,TR-847,台中市,1.301690548312575,24.158036773723673,120.66154406396126
854,TR-855,台中市,0.9269272864004954,24.13663808107027,120.6498623444381
881,TR-882,台中市,1.8404127373111896,24.13964830636368,120.65535434171605
887,TR-888,台中市,1.2079997328345549,24.159346424432357,120.64972174330478
888,TR-889,台中市,1.0674635096175251,24.173052592203813,120.714582007251
899,TR-900,台中市,1.7701446257026745,24.181604091667484,120.62710188054274
918,TR-919,台中市,0.8566591747919803,24.141406300577305,120.67895456867309
923,TR-924,台中市,1.09088621348703,24.173872720916453,120.67756443260704
931,TR-932,台中市,1.9341035527892092,24.184520485711737,120.7054518899052
936,TR-937,台中市,1.13773162122604,24.149627848038367,120.6685625399772
941,TR-942,台中市,1.8169900334416844,24.176727228155055,120.7003124549235
965,TR-966,台中市,1.6061856986161398,24.170013976877343,120.6398017682332
975,TR-976,台中市,1.7467219218331695,24.148100773014153,120.7077887879111
978,TR-979,台中市,1.32511325218208,24.195610276212214,120.69717742771013
1047,TR-1048,台中市,1.0440408057480202,24.156807289369112,120.7235337893422
1051,TR-1052,台中市,1.9575262566587144,24.129776683886764,120.6502450526826
1052,TR-1053,台中市,1.395381363790595,24.09881329984772,120.67819522523969
1055,TR-1056,台中市,1.254845140573565,24.18959767337484,120.702211659516
1064,TR-1065,台中市,1.55934029087713,24.12596456365071,120.66149075874452
1098,TR-1099,台中市,1.348535956051585,24.188963015151383,120.68737949990813
1101,TR-1102,台中市,0.9737726941395052,24.12394508764211,120.66700543830315
1125,TR-1126,台中市,1.4422267715296049,24.105163424783658,120.60599763740468
1127,TR-1128,台中市,1.7232992179636646,24.16309523461016,120.6388173807265
1150,TR-1151,台中市,1.2079997328345549,24.138149566627856,120.6676278894777
1152,TR-1153,台中市,0.9971953980090102,24.173396227661918,120.69615708240529
1202,TR-1203,台中市,1.2314224367040598,24.165079004640322,120.66126963144272
1242,TR-1243,台中市,1.8169900334416844,24.12641663751167,120.66176504273334
1252,TR-1253,台中市,1.2314224367040598,24.17064309083994,120.69655726878766
1253,TR-1254,台中市,1.348535956051585,24.112100193732402,120.64758785503193
1260,TR-1261,台中市,2.1449078876147545,24.134888209717317,120.65065422767915
1266,TR-1267,台中市,1.6061856986161398,24.149149404612313,120.6686129743798
1267,TR-1268,台中市,1.301690548312575,24.101562481885928,120.69797931111542
1279,TR-1280,台中市,1.09088621348703,24.182891252833038,120.68979591071856
1281,TR-1282,台中市,1.09088621348703,24.129260491703715,120.67404592967999
1290,TR-1291,台中市,1.37195865992109,24.12680081069127,120.6599242575166
1299,TR-1300,台中市,1.0674635096175251,24.13749301141191,120.64862027973133
1316,TR-1317,台中市,1.55934029087713,24.139117842912725,120.65635937319482
1323,TR-1324,台中市,1.4188040676601,24.171429594218452,120.69703765843254
1329,TR-1330,台中市,1.114308917356535,24.16392951276011,120.6600228295887
1334,TR-1335,台中市,1.6296084024856448,24.14927592093911,120.66866184860166
1359,TR-1360,台中市,1.301690548312575,24.154207417139318,120.64913548759915
1362,TR-1363,台中市,1.6061856986161398,24.13937760655142,120.65543378200498
1370,TR-1371,台中市,1.114308917356535,24.159347333338523,120.73529804255735
1390,TR-1391,台中市,1.8544663596328923,24.162924218802182,120.64288224474669
1415,TR-1416,台中市,1.13773162122604,24.183760931262203,120.69569946018733
1425,TR-1426,台中市,1.6061856986161398,24.1585060514655,120.71440768118214
1426,TR-1427,台中市,1.0206181018785152,24.173921508638802,120.68799682226373
1432,TR-1433,台中市,0.8566591747919803,24.103417462943067,120.62257756340016
1448,TR-1449,台中市,1.6998765140941594,24.14540515932804,120.63808976641002
1449,TR-1450,台中市,1.7935673295721797,24.190735031304015,120.6135605708927
1471,TR-1472,台中市,2.1449078876147545,24.13154453901441,120.64164120213756
1480,TR-1481,台中市,1.2079997328345549,24.138255962130728,120.66261943671364
1481,TR-1482,台中市,2.730475484352379,24.171912111069933,120.6603461555977
1485,TR-1486,台中市,1.301690548312575,24.18049614295163,120.7213075780049
1517,TR-1518,台中市,1.13773162122604,24.118766083136958,120.65650227953763
1540,TR-1541,台中市,1.4890721792686148,24.15832657547073,120.72483934884487
1542,TR-1543,台中市,1.0206181018785152,24.11914965934478,120.66661449878626
1550,TR-1551,台中市,1.7935673295721797,24.19587318622845,120.68874077026854
1562,TR-1563,台中市,1.254845140573565,24.101877594301094,120.69751625721476
1571,TR-1572,台中市,1.0206181018785152,24.13147320822463,120.6785563025703
1577,TR-1578,台中市,1.6061856986161398,24.17750822389716,120.67178773357706
1595,TR-1596,台中市,1.8404127373111896,24.175962648803498,120.6353265958701
1613,TR-1614,台中市,1.4890721792686148,24.15245672993556,120.70508262306879
1625,TR-1626,台中市,1.676453810224655,24.159863476088027,120.67107508697515
1638,TR-1639,台中市,1.7232992179636646,24.163050903659922,120.63916194493862
1640,TR-1641,台中市,1.301690548312575,24.13561637563173,120.63765488763768
1665,TR-1666,台中市,1.4890721792686148,24.216685327404008,120.70680554617593
1667,TR-1668,台中市,1.2314224367040598,24.136474366188928,120.64543519498507
1686,TR-1687,台中市,1.7467219218331695,24.15863529688684,120.64287448821203
1700,TR-1701,台中市,1.5359175870076247,24.118501185514557,120.68879045869957
1714,TR-1715,台中市,1.8404127373111896,24.119378658750342,120.65188671738645
1715,TR-1716,台中市,1.55934029087713,24.15865115653858,120.6699661794353
1730,TR-1731,台中市,1.161154325095545,24.15990314309134,120.6644126904368
1741,TR-1742,台中市,2.1917532953537644,24.150515095889197,120.6494210950673
1747,TR-1748,台中市,1.4656494753991098,24.18511193972367,120.61084121196971
1749,TR-1750,台中市,1.8076209518938824,24.158579109456635,120.69163584008973
1760,TR-1761,台中市,1.4890721792686148,24.11679318657283,120.69253288594723
1761,TR-1762,台中市,0.8098137670529704,24.140909827078993,120.68334420884531
1792,TR-1793,台中市,1.245476059025763,24.16042531228754,120.7122876037962
1799,TR-1800,台中市,1.9341035527892092,24.120018592722257,120.65138325618103
1800,TR-1801,台中市,1.7935673295721797,24.135600046440352,120.6090725927142
1819,TR-1820,台中市,1.4890721792686148,24.171005327164927,120.63901164758514
1820,TR-1821,台中市,0.9269272864004954,24.167409427597885,120.70053103715935
1823,TR-1824,台中市,1.9809489605282196,24.142721136141642,120.64478823391262
1851,TR-1852,台中市,1.4890721792686148,24.14516002339928,120.61181832750924
1861,TR-1862,台中市,1.6530311063551495,24.192682343792175,120.70513784389126
1866,TR-1867,台中市,1.0440408057480202,24.16787867836806,120.70039216112578
1871,TR-1872,台中市,1.4188040676601,24.159595193947172,120.71259453154887
1883,TR-1884,台中市,1.2314224367040598,24.16600601730399,120.68081216316523
1905,TR-1906,台中市,1.395381363790595,24.08346223538339,120.69527774678683
1907,TR-1908,台中市,1.6061856986161398,24.138698962664904,120.63537333091509
1916,TR-1917,台中市,1.6530311063551495,24.191121713049508,120.70587968137337
1919,TR-1920,台中市,1.4890721792686148,24.106087825039936,120.60732276974136
1923,TR-1924,台中市,1.2314224367040598,24.17300962713125,120.66258720680102
1944,TR-1945,台中市,1.4188040676601,24.168734614679114,120.66892658103335
1950,TR-1951,台中市,0.8566591747919803,24.180302695397117,120.68677068310885
1967,TR-1968,台中市,1.395381363790595,24.164966688269477,120.65948865396815
1975,TR-1976,台中市,1.8169900334416844,24.157893605067812,120.67459328178363
2008,TR-2009,台中市,2.051217072136734,24.145208313515845,120.66252247181527
2013,TR-2014,台中市,1.8638354411806943,24.134329917056824,120.64738921711913
2027,TR-2028,台中市,2.5196711495268342,24.14989072159007,120.64883239077126
2035,TR-2036,台中市,1.7092455956419617,24.14998845483703,120.65606462545298
2039,TR-2040,台中市,1.348535956051585,24.242140815158056,120.72236498705983
2041,TR-2042,台中市,1.7935673295721797,24.131089778230653,120.64798842206768
2050,TR-2051,台中市,1.5827629947466348,24.176708344764307,120.64136757318973
2062,TR-2063,台中市,0.9269272864004954,24.1163459228906,120.62562864956574
2084,TR-2085,台中市,1.9341035527892092,24.19261052614218,120.66185646163325
2092,TR-2093,台中市,1.301690548312575,24.151375648380526,120.65062909709462
2093,TR-2094,台中市,2.0277943682672293,24.183067694437145,120.6387119655787
2103,TR-2104,台中市,0.9971953980090102,24.20889725463071,120.70897935496502
2107,TR-2108,台中市,1.4656494753991098,24.16093595015949,120.72478455376294
2113,TR-2114,台中市,1.4188040676601,24.158580083239816,120.73028079214008
2116,TR-2117,台中市,1.2079997328345549,24.10438924039536,120.60690497483698
2117,TR-2118,台中市,1.301690548312575,24.14761367173651,120.63654851583665
2125,TR-2126,台中市,1.2079997328345549,24.15083766541266,120.63677556203643
2151,TR-2152,台中市,1.4422267715296049,24.13212398417072,120.66213374685618
2162,TR-2163,台中市,1.9341035527892092,24.131669618379487,120.64493682812018
2179,TR-2180,台中市,1.301690548312575,24.185723503868267,120.61343786867842
2181,TR-2182,台中市,2.0277943682672293,24.13165775521967,120.63606232919237
2199,TR-2200,台中市,1.7232992179636646,24.15396611450104,120.66224361976535
2201,TR-2202,台中市,1.32511325218208,24.135322966022766,120.65924250891433
2202,TR-2203,台中市,0.8426055524702774,24.24983836427637,120.70099815639928
2217,TR-2218,台中市,0.9035045825309904,24.147288758958332,120.70343152926013
2218,TR-2219,台中市,1.6530311063551495,24.131534532432525,120.65294592199504
2230,TR-2231,台中市,1.18457702896505,24.25775543204031,120.71914019055498
2235,TR-2236,台中市,1.13773162122604,24.144689217076195,120.66052636774893
2240,TR-2241,台中市,1.27826784444307,24.156590723316526,120.65289794481117
2246,TR-2247,台中市,0.9035045825309904,24.113931694801902,120.68407955421
2252,TR-2253,台中市,0.9971953980090102,24.16388321343907,120.66357562873576
2261,TR-2262,台中市,1.301690548312575,24.141415324217785,120.65414918760689
2268,TR-2269,台中市,1.0112490203307132,24.170504922925033,120.68628282285644
2270,TR-2271,台中市,1.395381363790595,24.115357605345277,120.69257566543003
2274,TR-2275,台中市,1.348535956051585,24.149936470965237,120.65304384285277
2278,TR-2279,台中市,2.098062479875745,24.183511802042858,120.63941938929935
2283,TR-2284,台中市,1.161154325095545,24.11409973245086,120.6533077426228
2294,TR-2295,台中市,1.676453810224655,24.13883433454225,120.66284422272867
2302,TR-2303,台中市,2.5196711495268342,24.158517887077267,120.635228526828
2308,TR-2309,台中市,1.460964934625209,24.151439643496502,120.63552415017186
2312,TR-2313,台中市,1.8169900334416844,24.173062142716653,120.70536008511942
2315,TR-2316,台中市,0.9971953980090102,24.146463589124114,120.65855370652302
2316,TR-2317,台中市,1.6061856986161398,24.195284163402015,120.68332820148812
2319,TR-2320,台中市,1.6436620248073477,24.177410478386612,120.66834319536655
2325,TR-2326,台中市,1.8638354411806943,24.142817606062547,120.63591266542875
2333,TR-2334,台中市,1.18457702896505,24.15471864836998,120.69366241473156
2346,TR-2347,台中市,1.8404127373111896,24.142011368736902,120.68771025557422
2380,TR-2381,台中市,1.4188040676601,24.143097701426804,120.61394006570994
2385,TR-2386,台中市,1.18457702896505,24.190938879841358,120.68226601160312
2396,TR-2397,台中市,1.348535956051585,24.173163365985044,120.67517462536878
2424,TR-2425,台中市,1.09088621348703,24.156614234749387,120.65932382474517
2428,TR-2429,台中市,1.6998765140941594,24.173215230251905,120.63427147578446
2445,TR-2446,台中市,1.198630651286753,24.14668095080098,120.66291220073148
2464,TR-2465,台中市,2.425980334048814,24.150505795364253,120.64930303833054
2466,TR-2467,台中市,1.348535956051585,24.202595441019955,120.7046031469511
2468,TR-2469,台中市,2.074639776006239,24.143010598116977,120.64501374481031
2469,TR-2470,台中市,1.7701446257026745,24.14675898012974,120.64945102143226
2475,TR-2476,台中市,1.2314224367040598,24.117424505242813,120.69216738381243
2486,TR-2487,台中市,1.6061856986161398,24.128726273964244,120.65687906591837
2501,TR-2502,台中市,0.9035045825309904,24.171398837139332,120.68193056273613
2504,TR-2505,台中市,1.5359175870076247,24.19089847885162,120.61392427853738
2528,TR-2529,台中市,1.161154325095545,24.157217968206442,120.71607362864769
2534,TR-2535,台中市,1.8404127373111896,24.190330440042434,120.6142409709107
2539,TR-2540,台中市,1.8404127373111896,24.140440254726464,120.65419116841221
2550,TR-2551,台中市,1.5124948831381198,24.133561615593308,120.66302530878178
2556,TR-2557,台中市,1.0674635096175251,24.16290661482827,120.67968813501913
2573,TR-2574,台中市,1.254845140573565,24.166121837229326,120.7264858469771
2579,TR-2580,台中市,1.6998765140941594,24.101444561487234,120.62441291634006
2583,TR-2584,台中市,2.486879364109527,24.172157607574203,120.66111316978412
2589,TR-2590,台中市,1.55934029087713,24.185239226826116,120.6111853242024
2602,TR-2603,台中市,2.425980334048814,24.163275113046115,120.64234984692062
2607,TR-2608,台中市,1.0440408057480202,24.11579179452801,120.66709539853957
2618,TR-2619,台中市,1.175207947417248,24.120150907489265,120.6539800915886
2619,TR-2620,台中市,1.18457702896505,24.14889359990692,120.6510688075881
2635,TR-2636,台中市,1.100255295034832,24.146777219370783,120.6495296908079
2659,TR-2660,台中市,0.9035045825309904,24.08818477507897,120.69992858156434
2662,TR-2663,台中市,1.0206181018785152,24.155732899919606,120.66913722668788
2687,TR-2688,台中市,1.6296084024856448,24.105463315179474,120.60674430891922
2697,TR-2698,台中市,0.9878263164612082,24.175148880316343,120.6663806241913
2704,TR-2705,台中市,1.301690548312575,24.211832173119447,120.70450309693864
2710,TR-2711,台中市,1.6998765140941594,24.15760627184008,120.69278954298153
2711,TR-2712,台中市,1.301690548312575,24.162396719447504,120.72368905763823
2717,TR-2718,台中市,1.6624001879029515,24.14491536195988,120.63715637029773
2721,TR-2722,台中市,1.6061856986161398,24.157397607366317,120.69229800539239
2722,TR-2723,台中市,1.301690548312575,24.148012867670545,120.6489359220707
2724,TR-2725,台中市,2.355712222440299,24.168844367200776,120.64935137995909
2749,TR-2750,台中市,1.37195865992109,24.172833691788053,120.64475416485614
2760,TR-2761,台中市,1.5124948831381198,24.202585609687098,120.70418971297201
2770,TR-2771,台中市,1.9575262566587144,24.141362651842627,120.64691731392877
2771,TR-2772,台中市,1.2079997328345549,24.158788309829635,120.72552721980176
2788,TR-2789,台中市,1.0206181018785152,24.116856397486025,120.65852408599385
2789,TR-2790,台中市,2.0043716643977243,24.14205106019219,120.62511104910723
2828,TR-2829,台中市,1.37195865992109,24.168494554966944,120.65036601545411
2876,TR-2877,台中市,1.5359175870076247,24.15777609348239,120.73006598307164
2901,TR-2902,台中市,0.9831417756873072,24.10840244719825,120.70038316760947
2912,TR-2913,台中市,1.9809489605282196,24.15626763614536,120.64202493722483
2928,TR-2929,台中市,1.6296084024856448,24.15602392129546,120.70539917548504
2949,TR-2950,台中市,1.114308917356535,24.187663325614537,120.6164341378871
2955,TR-2956,台中市,1.4890721792686148,24.112651954495345,120.64800934750834
2964,TR-2965,台中市,1.8638354411806943,24.139942687167515,120.65376941385313
2966,TR-2967,台中市,1.6998765140941594,24.172312885688658,120.70545038183454
2975,TR-2976,台中市,1.2314224367040598,24.185126546740506,120.67068553336725
2976,TR-2977,台中市,1.7935673295721797,24.114343119739356,120.66942077702413
2981,TR-2982,台中市,1.0674635096175251,24.173743083870974,120.68032051167738
2990,TR-2991,台中市,1.9809489605282196,24.17554645850775,120.63497346334053
2992,TR-2993,台中市,1.5124948831381198,24.146479367904803,120.66158434611026
3020,TR-3021,台中市,1.4656494753991098,24.18522425139379,120.61239603514333
3030,TR-3031,台中市,1.27826784444307,24.17265481330866,120.72412955164516
3039,TR-3040,台中市,1.6296084024856448,24.101525317141757,120.6242061161987
3041,TR-3042,台中市,1.395381363790595,24.11960099049496,120.65436524503042
3042,TR-3043,台中市,0.6692775438359404,24.07194630879812,120.70739120104882
3051,TR-3052,台中市,1.9106808489197045,24.14152706148271,120.63241346658195
3072,TR-3073,台中市,1.09088621348703,24.164484511962964,120.67016769688978
3103,TR-3104,台中市,0.9737726941395052,24.124042335501812,120.6578950506228
3148,TR-3149,台中市,1.09088621348703,24.165433745296525,120.69232795858535
3151,TR-3152,台中市,1.114308917356535,24.130568470344777,120.71882828950075
3168,TR-3169,台中市,2.1449078876147545,24.169204358197714,120.64883863312596
3173,TR-3174,台中市,1.9575262566587144,24.142715934609413,120.63492899645132
3182,TR-3183,台中市,1.395381363790595,24.177275422273254,120.7130470650737
3232,TR-3233,台中市,1.5359175870076247,24.255928441003388,120.72237445182297
3234,TR-3235,台中市,1.2314224367040598,24.1481226685904,120.71458820100696
3241,TR-3242,台中市,1.7232992179636646,24.134847898530612,120.66080816636564
3283,TR-3284,台中市,1.5359175870076247,24.107796907395006,120.59788399559675
3293,TR-3294,台中市,1.8169900334416844,24.157451276944347,120.67464360591481
3299,TR-3300,台中市,1.55934029087713,24.134788694470874,120.70164998695047
3307,TR-3308,台中市,1.18457702896505,24.167094516597714,120.69652628966143
3309,TR-3310,台中市,0.9503499902700004,24.14935728609689,120.70384988099654
3327,TR-3328,台中市,1.301690548312575,24.159104423367577,120.72557574873548
3333,TR-3334,台中市,1.5359175870076247,24.17784535698863,120.71362648715053
3335,TR-3336,台中市,1.6530311063551495,24.162488589976075,120.7196047870869
3340,TR-3341,台中市,2.238598703092774,24.195340784213823,120.68889956084199
3341,TR-3342,台中市,1.301690548312575,24.15877878305199,120.71059866583084
3346,TR-3347,台中市,1.4188040676601,24.15793068696904,120.73068562830225
3351,TR-3352,台中市,1.395381363790595,24.16049781803178,120.72217763076657
3372,TR-3373,台中市,1.6342929432595457,24.260225820754926,120.72208935813116
3408,TR-3409,台中市,1.5124948831381198,24.145412246632016,120.65679517680925
3415,TR-3416,台中市,1.395381363790595,24.14153277128843,120.65417839011351
3425,TR-3426,台中市,1.18457702896505,24.12141707512038,120.6548916164972
3427,TR-3428,台中市,1.254845140573565,24.171482144807094,120.63449293241818
3446,TR-3447,台中市,0.9269272864004954,24.15725542359313,120.71196995969166
3469,TR-3470,台中市,1.0674635096175251,24.212581715665582,120.69994314618845
3470,TR-3471,台中市,1.09088621348703,24.118504832636624,120.66081190427546
3472,TR-3473,台中市,1.37195865992109,24.155865798480058,120.65574383397944
3478,TR-3479,台中市,1.348535956051585,24.16134062210696,120.68649219137158
3480,TR-3481,台中市,1.9106808489197045,24.196165333801424,120.68590507487121
3486,TR-3487,台中市,1.0206181018785152,24.183497366213462,120.66887865492582
3505,TR-3506,台中市,1.9575262566587144,24.192421432943547,120.61274833378167
3508,TR-3509,台中市,1.7935673295721797,24.132076399610984,120.65299365362613
3509,TR-3510,台中市,1.9809489605282196,24.171210876302155,120.63811546990635
3513,TR-3514,台中市,1.7701446257026745,24.152516000163086,120.67217633698857
3522,TR-3523,台中市,2.2151759992232694,24.184770218482925,120.68581486520948
3527,TR-3528,台中市,1.8404127373111896,24.178374700558496,120.68446244012522
3537,TR-3538,台中市,1.4188040676601,24.130403990625428,120.65610717632275
3555,TR-3556,台中市,1.18457702896505,24.15852569177042,120.71525394906732
3556,TR-3557,台中市,1.0440408057480202,24.14628928899841,120.68237648857809
3565,TR-3566,台中市,1.18457702896505,24.127660522829327,120.66488055674196
3578,TR-3579,台中市,1.6061856986161398,24.130281231895783,120.66588710872067
3603,TR-3604,台中市,1.6998765140941594,24.156781579188728,120.66148832709099
3608,TR-3609,台中市,1.4703340161730107,24.191531914293602,120.61092016709597
3615,TR-3616,台中市,1.5359175870076247,24.154582060431427,120.66312764524244
3624,TR-3625,台中市,1.6998765140941594,24.17124798973122,120.65015183967479
3629,TR-3630,台中市,1.301690548312575,24.13312215968962,120.6444310369706
3636,TR-3637,台中市,1.0440408057480202,24.165573191845755,120.65615083272198
3637,TR-3638,台中市,0.9971953980090102,24.160677470334118,120.68454529620371
3639,TR-3640,台中市,1.6296084024856448,24.145428628265915,120.61448409133064
3641,TR-3642,台中市,1.2079997328345549,24.186654828394737,120.66348640709329
3642,TR-3643,台中市,1.254845140573565,24.142831971959932,120.66588401395369
3644,TR-3645,台中市,0.9269272864004954,24.113747073423692,120.69093666754668
3650,TR-3651,台中市,1.5124948831381198,24.158616996175617,120.72068589077986
3652,TR-3653,台中市,1.5359175870076247,24.152966661298446,120.63597247487493
3672,TR-3673,台中市,0.7863910631834654,24.253607517355288,120.69843867954431
3691,TR-3692,台中市,1.5124948831381198,24.147856462340147,120.69370829403462
3695,TR-3696,台中市,1.27826784444307,24.18136057229862,120.63846086655197
3741,TR-3742,台中市,1.09088621348703,24.16344480829862,120.6695503728561
3746,TR-3747,台中市,1.0206181018785152,24.154681602132026,120.6931999983992
3763,TR-3764,台中市,1.9106808489197045,24.13737931378652,120.65022437532983
3780,TR-3781,台中市,1.8638354411806943,24.139453055650552,120.6450137289763
3782,TR-3783,台中市,1.2079997328345549,24.189814028700514,120.70203397918098
3817,TR-3818,台中市,1.8638354411806943,24.173406811396042,120.70616633529741
3832,TR-3833,台中市,1.5359175870076247,24.258669100229483,120.71520862132795
3834,TR-3835,台中市,1.09088621348703,24.248804333324493,120.72733349776892
3868,TR-3869,台中市,1.5124948831381198,24.181567549376272,120.71475992182339
3884,TR-3885,台中市,1.7467219218331695,24.18972503870622,120.6636063140595
3894,TR-3895,台中市,1.8404127373111896,24.16027882110093,120.64295848686355
3905,TR-3906,台中市,1.5827629947466348,24.15076428584811,120.70303973944347
3928,TR-3929,台中市,1.13773162122604,24.13658476253477,120.65023637583383
3949,TR-3950,台中市,1.676453810224655,24.181641909027523,120.64289906669563
3976,TR-3977,台中市,1.2314224367040598,24.1415449416605,120.6476547748845
3978,TR-3979,台中市,2.238598703092774,24.18338294574611,120.63838626914827
3981,TR-3982,台中市,1.32511325218208,24.120746906211245,120.65400800266039
4008,TR-4009,台中市,1.395381363790595,24.141092697158086,120.6512474155841
4030,TR-4031,台中市,1.5827629947466348,24.145162222993697,120.61268421791912
4034,TR-4035,台中市,1.8404127373111896,24.142047848054847,120.68788727892527
4039,TR-4040,台中市,1.301690548312575,24.166783189407884,120.652201180545
4049,TR-4050,台中市,1.114308917356535,24.128882667462772,120.6747060691541
4057,TR-4058,台中市,1.0674635096175251,24.192523611160667,120.61032655638346
4060,TR-4061,台中市,1.2079997328345549,24.173716946275253,120.64021458161282
4073,TR-4074,台中市,1.9575262566587144,24.18478794498048,120.61125559133245
4099,TR-4100,台中市,0.9503499902700004,24.10162799427658,120.69010998367533
4110,TR-4111,台中市,1.5359175870076247,24.180640568331697,120.68423049085766
4115,TR-4116,台中市,1.348535956051585,24.106060336759434,120.64016778697047
4154,TR-4155,台中市,0.9737726941395052,24.120620320021956,120.68743753948688
4192,TR-4193,台中市,1.2079997328345549,24.15180772365747,120.63463748220938
4220,TR-4221,台中市,0.8800818786614852,24.14302300895291,120.71561300846956
4224,TR-4225,台中市,1.7232992179636646,24.190281611731308,120.68316337537883
4235,TR-4236,台中市,1.0674635096175251,24.185522091265984,120.60881234467476
4262,TR-4263,台中市,1.676453810224655,24.179919775552708,120.61425258872721
4266,TR-4267,台中市,1.0674635096175251,24.138900879840126,120.65225696877866
4268,TR-4269,台中市,0.9035045825309904,24.09118819904152,120.69822001642402
4270,TR-4271,台中市,1.6530311063551495,24.17816052388722,120.66862668396776
4276,TR-4277,台中市,1.189261569738951,24.15737883946722,120.7300864993447
4286,TR-4287,台中市,1.8169900334416844,24.190769874355222,120.61305846086772
4289,TR-4290,台中市,1.6296084024856448,24.192032526742373,120.66179892539196
4301,TR-4302,台中市,1.676453810224655,24.150739199896144,120.65265790779422
4313,TR-4314,台中市,0.9971953980090102,24.15936595939217,120.6748650962302
4322,TR-4323,台中市,1.7701446257026745,24.163321446845806,120.65065565326972
4335,TR-4336,台中市,1.6061856986161398,24.186413090579315,120.6855942967577
4367,TR-4368,台中市,1.114308917356535,24.18537722130967,120.61218887372138
4383,TR-4384,台中市,1.0674635096175251,24.141753851969394,120.6561161788267
4404,TR-4405,台中市,1.2314224367040598,24.130975249944054,120.66946659034232
4422,TR-4423,台中市,1.254845140573565,24.157855740735762,120.71430087843504
4446,TR-4447,台中市,1.254845140573565,24.13081141437293,120.6565980206504
4449,TR-4450,台中市,1.32511325218208,24.15782273958295,120.68383393163514
4454,TR-4455,台中市,1.5827629947466348,24.139978960343992,120.65383819177812
4460,TR-4461,台中市,1.7232992179636646,24.126353483108815,120.6742500626063
4484,TR-4485,台中市,1.301690548312575,24.11422038754857,120.6547535159108
4487,TR-4488,台中市,1.348535956051585,24.175804072367765,120.68577776465165
4492,TR-4493,台中市,1.37195865992109,24.166267939279454,120.7223915005985
4513,TR-4514,台中市,1.7232992179636646,24.152328184112456,120.68155465455692
4525,TR-4526,台中市,1.395381363790595,24.135521299719382,120.64329291544259
4527,TR-4528,台中市,0.9971953980090102,24.17081173035893,120.67329096008044
4535,TR-4536,台中市,2.074639776006239,24.160295411264208,120.6385005041382
4550,TR-4551,台中市,1.8029364111199817,24.161546685243103,120.63690273810613
4598,TR-4599,台中市,1.4188040676601,24.153119006452098,120.72116034403432
4600,TR-4601,台中市,1.2314224367040598,24.140903774769537,120.64761717443662
4637,TR-4638,台中市,1.27826784444307,24.163719166594163,120.66288717465147
4643,TR-4644,台中市,2.0277943682672293,24.18482944300015,120.61337166318016
4661,TR-4662,台中市,1.27826784444307,24.166114567402015,120.67661946053202
4674,TR-4675,台中市,1.3157441706342778,24.174247817666174,120.71156768655365
4690,TR-4691,台中市,1.27826784444307,24.17430979254406,120.71091797266658
4701,TR-4702,台中市,1.0206181018785152,24.165955812108887,120.69151971389466
4720,TR-4721,台中市,0.9971953980090102,24.189017606285162,120.70109088571029
4726,TR-4727,台中市,1.55934029087713,24.176321095388193,120.63797311444847
4734,TR-4735,台中市,1.395381363790595,24.159283359363297,120.73485533383855
4735,TR-4736,台中市,1.9341035527892092,24.174595081859245,120.6733305409931
4743,TR-4744,台中市,2.472825741787824,24.146831520175088,120.6379775112066
4782,TR-4783,台中市,1.18457702896505,24.142247198557644,120.6467771308226
4788,TR-4789,台中市,1.348535956051585,24.148252440488278,120.70683395909725
4793,TR-4794,台中市,1.4656494753991098,24.13994700425305,120.6556782402563
4797,TR-4798,台中市,1.6530311063551495,24.167146054206313,120.64123682352006
4805,TR-4806,台中市,1.55934029087713,24.142826236241405,120.63574536815541
4806,TR-4807,台中市,0.9550345310439012,24.110014921492418,120.65976203314001
4807,TR-4808,台中市,1.5124948831381198,24.169294137790757,120.63704813767963
4811,TR-4812,台中市,0.9269272864004954,24.16888518696173,120.67175073151529
4840,TR-4841,台中市,1.32511325218208,24.1528680203946,120.63625812442008
4853,TR-4854,台中市,2.074639776006239,24.163934106818306,120.64228896442603
4854,TR-4855,台中市,1.7232992179636646,24.184810715052887,120.64270323372928
4860,TR-4861,台中市,2.1917532953537644,24.14760998084224,120.62384516336358
4902,TR-4903,台中市,1.2079997328345549,24.14505032428816,120.65646159126437
4911,TR-4912,台中市,1.6061856986161398,24.19304514836274,120.70598354847316
4920,TR-4921,台中市,1.5827629947466348,24.189054819574185,120.68811751290974
4924,TR-4925,台中市,3.3394657849595086,24.166451905066562,120.6378828488171
4934,TR-4935,台中市,1.8638354411806943,24.137525656802705,120.6631034734067
4940,TR-4941,台中市,1.9341035527892092,24.172877907743842,120.63669353941961
4950,TR-4951,台中市,1.4656494753991098,24.098822536206733,120.6782935645953
4953,TR-4954,台中市,2.074639776006239,24.196254119759153,120.6895765609426
4963,TR-4964,台中市,1.4422267715296049,24.15883375711862,120.725694417338
4969,TR-4970,台中市,1.18457702896505,24.141278771574925,120.6699615964887
4977,TR-4978,台中市,2.285444110831784,24.143658596488088,120.65193906959101
4979,TR-4980,台中市,1.0440408057480202,24.14394778147103,120.65603159217056
4992,TR-4993,台中市,1.395381363790595,24.121837225668326,120.66106874618701
5031,TR-5032,台中市,1.0440408057480202,24.162012130285277,120.65860095110257
5033,TR-5034,台中市,1.8169900334416844,24.16960656989539,120.6393403545468
5063,TR-5064,台中市,1.5359175870076247,24.145281355210017,120.65480789068373
5064,TR-5065,台中市,1.676453810224655,24.17534595384479,120.70504973707878
5103,TR-5104,台中市,1.6296084024856448,24.13320536800186,120.64526710903088
5131,TR-5132,台中市,1.8872581450501995,24.164672283549645,120.64134214762498
5144,TR-5145,台中市,1.2314224367040598,24.158986429476464,120.67051640502352
5146,TR-5147,台中市,1.0674635096175251,24.151875721047386,120.69885503718251
5157,TR-5158,台中市,2.051217072136734,24.19256612430181,120.61283648723635
5160,TR-5161,台中市,0.8800818786614852,24.13364861262252,120.68255530026093
5168,TR-5169,台中市,1.301690548312575,24.219648087531766,120.65163442384166
5185,TR-5186,台中市,1.55934029087713,24.121282169304724,120.65512808896393
5209,TR-5210,台中市,0.9737726941395052,24.10322237574378,120.6795023105306
5219,TR-5220,台中市,1.254845140573565,24.174218823146255,120.66225924218533
5225,TR-5226,台中市,1.6061856986161398,24.152286154463212,120.61619540933141
5261,TR-5262,台中市,2.355712222440299,24.16354764882119,120.64305765217861
5267,TR-5268,台中市,1.09088621348703,24.165768546028676,120.69719863707722
5273,TR-5274,台中市,2.0043716643977243,24.149809771406236,120.6650393025806
5282,TR-5283,台中市,1.254845140573565,24.17155844810111,120.69374034485729
5318,TR-5319,台中市,1.8638354411806943,24.14195544997043,120.65342944920029
5327,TR-5328,台中市,1.161154325095545,24.180585521978344,120.6668487729841
5356,TR-5357,台中市,1.0440408057480202,24.116375346516534,120.66555922726542
5357,TR-5358,台中市,1.6296084024856448,24.17482600321541,120.63956189872297
5370,TR-5371,台中市,1.395381363790595,24.140662836993783,120.65280321073668
5391,TR-5392,台中市,1.7607755441548725,24.14120068212869,120.63942993041645
5398,TR-5399,台中市,1.4188040676601,24.146421954963863,120.63661092508409
5409,TR-5410,台中市,1.301690548312575,24.153237381263455,120.65534742092885
5412,TR-5413,台中市,2.2151759992232694,24.170900601894548,120.64829269778545
5425,TR-5426,台中市,1.5359175870076247,24.107340343727017,120.59938062050102
5448,TR-5449,台中市,1.37195865992109,24.11119818174831,120.70797098317735
5455,TR-5456,台中市,1.301690548312575,24.10473235157149,120.60690392747216
5465,TR-5466,台中市,2.1449078876147545,24.137127148269602,120.65051039671873
5493,TR-5494,台中市,1.4890721792686148,24.190274719472978,120.61363086018372
5497,TR-5498,台中市,0.9035045825309904,24.145700804838444,120.6903974065063
5498,TR-5499,台中市,1.4188040676601,24.13582706054288,120.60957369270012
5509,TR-5510,台中市,1.4656494753991098,24.110610428690315,120.70752964414774
5530,TR-5531,台中市,1.254845140573565,24.173782888218344,120.66111872092408
5550,TR-5551,台中市,1.6998765140941594,24.193731426843055,120.70601150564259
5559,TR-5560,台中市,1.4656494753991098,24.14128748356025,120.6615684964755
5562,TR-5563,台中市,1.348535956051585,24.165539844661613,120.66142587717977
5578,TR-5579,台中市,1.4890721792686148,24.17473618894258,120.64360722411834
5591,TR-5592,台中市,1.9575262566587144,24.154606602125384,120.66197624249676
5607,TR-5608,台中市,2.2151759992232694,24.14176812151885,120.68797651387139
5625,TR-5626,台中市,1.301690548312575,24.10493946735209,120.60668688873548
5632,TR-5633,台中市,1.4890721792686148,24.10638212613769,120.63498289810755
5656,TR-5657,台中市,1.0440408057480202,24.122142341399503,120.66022187334119
5661,TR-5662,台中市,1.6530311063551495,24.195152599894286,120.68519881466783
5666,TR-5667,台中市,1.254845140573565,24.15647706029827,120.68806872641942
5670,TR-5671,台中市,1.6061856986161398,24.196507053119895,120.7079049839705
5678,TR-5679,台中市,1.676453810224655,24.138806374890226,120.64649140616235
5683,TR-5684,台中市,1.8872581450501995,24.185068074525766,120.61134332767023
5696,TR-5697,台中市,1.6530311063551495,24.172489977569395,120.68560872359997
5706,TR-5707,台中市,1.7701446257026745,24.183290392092445,120.64510908279371
5710,TR-5711,台中市,1.2314224367040598,24.156762860431776,120.65315333680168
5713,TR-5714,台中市,1.37195865992109,24.115055536544745,120.65672860693257
5724,TR-5725,台中市,1.32511325218208,24.173001970889636,120.67570649732058
5727,TR-5728,台中市,2.2760750292839824,24.171796067059972,120.6609468133573
5729,TR-5730,台中市,1.301690548312575,24.194840671618813,120.68718798758569
5732,TR-5733,台中市,1.7467219218331695,24.16947264319769,120.63998043622091
5760,TR-5761,台中市,1.27826784444307,24.154563422477022,120.63537752205647
5762,TR-5763,台中市,1.0065644795568125,24.175024258040647,120.71633935837299
5767,TR-5768,台中市,1.6530311063551495,24.17499790672485,120.63970904667339
5781,TR-5782,台中市,1.4422267715296049,24.143371360652594,120.61504127944696
5783,TR-5784,台中市,1.5124948831381198,24.12928263219497,120.65534276703941
5793,TR-5794,台中市,0.9737726941395052,24.187314258487735,120.60700561667988
5809,TR-5810,台中市,1.37195865992109,24.143367116258787,120.63917786312214
5825,TR-5826,台中市,1.0440408057480202,24.141934873124683,120.67274450037362
5848,TR-5849,台中市,1.7467219218331695,24.185352239763564,120.70600118174869
5852,TR-5853,台中市,1.7935673295721797,24.192342751477774,120.61021882901825
5875,TR-5876,台中市,1.13773162122604,24.152452278982217,120.71703867626125
5879,TR-5880,台中市,1.161154325095545,24.14190894508766,120.64888371681353
5885,TR-5886,台中市,1.4656494753991098,24.17621252579594,120.6417035914379
5891,TR-5892,台中市,1.0112490203307132,24.189234944447417,120.70141520413495
5908,TR-5909,台中市,1.4422267715296049,24.113586108740755,120.67430205508676
5920,TR-5921,台中市,1.9106808489197045,24.158200774859427,120.69207958402707
5923,TR-5924,台中市,1.0206181018785152,24.18594488131657,120.69968066429175
5939,TR-5940,台中市,1.5124948831381198,24.168299093881362,120.66795339040303
5953,TR-5954,台中市,1.0440408057480202,24.145582450513512,120.69893866296616
5954,TR-5955,台中市,1.7467219218331695,24.143492454920295,120.63872488824327
5970,TR-5971,台中市,1.161154325095545,24.172988789438236,120.72406978222325
5971,TR-5972,台中市,1.4188040676601,24.1122604519282,120.58885917187766
5972,TR-5973,台中市,1.27826784444307,24.142099059608423,120.68644073964195
5973,TR-5974,台中市,1.32511325218208,24.143017682024134,120.61443228486287
5982,TR-5983,台中市,0.9269272864004954,24.157018318829085,120.69226939180054
6005,TR-6006,台中市,1.6296084024856448,24.15816561468438,120.64668416791666
6021,TR-6022,台中市,0.9737726941395052,24.128113184995478,120.67377335956218
6022,TR-6023,台中市,1.114308917356535,24.177734495354247,120.64001631654065
6027,TR-6028,台中市,2.0277943682672293,24.151987756140045,120.64589425393783
6064,TR-6065,台中市,1.09088621348703,24.100577433723508,120.68855836264567
6106,TR-6107,台中市,1.301690548312575,24.130407085162343,120.64952511789762
6108,TR-6109,台中市,1.09088621348703,24.170482185889156,120.6629284682066
6112,TR-6113,台中市,2.1917532953537644,24.160721042270733,120.6390307175191
6113,TR-6114,台中市,1.7467219218331695,24.189128111744704,120.6631550948394
6119,TR-6120,台中市,1.5124948831381198,24.19234248243916,120.70216591283793
6130,TR-6131,台中市,1.301690548312575,24.13100322248952,120.66162507909371
6140,TR-6141,台中市,2.121485183745249,24.173111898784917,120.64402509397706
6155,TR-6156,台中市,2.355712222440299,24.15878003987951,120.635355712764
6157,TR-6158,台中市,1.5359175870076247,24.19066486720162,120.61437777026923
6162,TR-6163,台中市,1.37195865992109,24.167884664883776,120.69884702533324
6172,TR-6173,台中市,1.37195865992109,24.112286400792012,120.58843608916176
6181,TR-6182,台中市,1.37195865992109,24.164813981874403,120.65984334495005
6187,TR-6188,台中市,1.0674635096175251,24.175931049235842,120.68605303394905
6208,TR-6209,台中市,2.0277943682672293,24.18165270349031,120.69349971934531
6211,TR-6212,台中市,1.37195865992109,24.152536603086897,120.69973912101806
6212,TR-6213,台中市,1.6905074325463576,24.182848804395995,120.69112477544179
6251,TR-6252,台中市,1.9575262566587144,24.141046651219522,120.64692802128637
6265,TR-6266,台中市,2.1683305914842594,24.146668994142498,120.63797796901211
6298,TR-6299,台中市,2.1683305914842594,24.162876904501186,120.64195731115866
6309,TR-6310,台中市,1.8872581450501995,24.163014453465365,120.65065648836982
6334,TR-6335,台中市,1.7232992179636646,24.146124820674483,120.6148559160721
6362,TR-6363,台中市,1.9341035527892092,24.15657811781694,120.6593239205252
6364,TR-6365,台中市,2.0277943682672293,24.156901630674266,120.65863421550753
6375,TR-6376,台中市,1.8404127373111896,24.170723878961887,120.64605911069505
6380,TR-6381,台中市,2.074639776006239,24.13964186854141,120.6446688307038
6382,TR-6383,台中市,1.5359175870076247,24.16753374145287,120.6773638402483
6394,TR-6395,台中市,1.0440408057480202,24.167743389944636,120.6869784771271
6420,TR-6421,台中市,2.379134926309804,24.144528282820534,120.64147709614437
6421,TR-6422,台中市,1.301690548312575,24.174448093948726,120.69840842011837
6428,TR-6429,台中市,1.348535956051585,24.10197713104114,120.69762422489895
6432,TR-6433,台中市,3.1520841540034685,24.161723103421675,120.64278717434148
6435,TR-6436,台中市,1.0440408057480202,24.114461833110163,120.65772377008862
6439,TR-6440,台中市,1.4188040676601,24.099157593250464,120.67875503241682
6441,TR-6442,台中市,1.114308917356535,24.13024108719006,120.65594035517394
6450,TR-6451,台中市,1.13773162122604,24.18720945324111,120.61907340999775
6457,TR-6458,台中市,1.161154325095545,24.19165294511806,120.58825069606281
6458,TR-6459,台中市,1.6061856986161398,24.13583666823701,120.60979996106795
6465,TR-6466,台中市,1.5124948831381198,24.115112315907748,120.65788927738775
6470,TR-6471,台中市,1.5359175870076247,24.133664446429275,120.64079899016815
6471,TR-6472,台中市,1.4188040676601,24.192566352213355,120.70585668147623
6485,TR-6486,台中市,2.0277943682672293,24.149080076649515,120.63808925772898
6495,TR-6496,台中市,1.5359175870076247,24.104563848182913,120.68632563105332
6513,TR-6514,台中市,1.386012282242793,24.17693277338399,120.71329388724439
6517,TR-6518,台中市,1.114308917356535,24.14403666589248,120.70264201610433
6537,TR-6538,台中市,1.301690548312575,24.135982241301278,120.6102324368562
6545,TR-6546,台中市,1.5827629947466348,24.117665110197912,120.6817978848812
6640,TR-6641,台中市,1.676453810224655,24.179577613177727,120.61462762766003
6655,TR-6656,台中市,1.37195865992109,24.170011755929977,120.65846158137651
6668,TR-6669,台中市,1.6998765140941594,24.15793078661935,120.64665529158805
6677,TR-6678,台中市,1.7232992179636646,24.173025245595863,120.704956650366
6688,TR-6689,台中市,1.2079997328345549,24.182215221790795,120.61505277961245
6689,TR-6690,台中市,1.4188040676601,24.1329507658669,120.6406435623288
6692,TR-6693,台中市,1.6061856986161398,24.171973197634177,120.6845864374
6698,TR-6699,台中市,0.8800818786614852,24.12501960916582,120.6588369222257
6713,TR-6714,台中市,1.0674635096175251,24.150970767200846,120.67583100402167
6716,TR-6717,台中市,1.6998765140941594,24.12689305621379,120.6648923944469
6731,TR-6732,台中市,1.114308917356535,24.148258843977793,120.65785029616771
6754,TR-6755,台中市,0.9035045825309904,24.14877939032597,120.67712558017791
6769,TR-6770,台中市,1.6061856986161398,24.189254302974625,120.66305633188625
6784,TR-6785,台中市,1.6202393209378427,24.162727557214232,120.68041682544431
6832,TR-6833,台中市,0.9971953980090102,24.145112387183232,120.65998406272098
6840,TR-6841,台中市,1.9106808489197045,24.145399297063268,120.66314187739326
6846,TR-6847,台中市,1.27826784444307,24.173765867275936,120.67402158957809
6853,TR-6854,台中市,1.4656494753991098,24.158018811615534,120.66983003340327
6884,TR-6885,台中市,1.676453810224655,24.167078575834633,120.69307196941702
6906,TR-6907,台中市,1.18457702896505,24.14779448260793,120.66837046869597
6915,TR-6916,台中市,1.4422267715296049,24.165455686417097,120.68103004067046
6936,TR-6937,台中市,2.1683305914842594,24.142061223117512,120.64445551353293
6943,TR-6944,台中市,2.44940303791832,24.150437181991983,120.66704506428326
6993,TR-6994,台中市,1.6998765140941594,24.150910400874853,120.71819338097816
7008,TR-7009,台中市,1.32511325218208,24.145235429784663,120.65446362186273
7023,TR-7024,台中市,1.8404127373111896,24.18790276776773,120.66434932199739
7033,TR-7034,台中市,2.1683305914842594,24.142169647394958,120.62560267928075
7034,TR-7035,台中市,0.9971953980090102,24.141235354398106,120.71569567926707
7041,TR-7042,台中市,0.9269272864004954,24.167630981818686,120.69387765332527
7043,TR-7044,台中市,1.0440408057480202,24.123063546175853,120.66031782150257
7062,TR-7063,台中市,1.161154325095545,24.175534861758106,120.66125188475844
7091,TR-7092,台中市,1.7701446257026745,24.133604549813562,120.64608263494299
7100,TR-7101,台中市,1.8638354411806943,24.172470910324016,120.68077640638617
7128,TR-7129,台中市,1.114308917356535,24.174930105257957,120.69111430813405
7150,TR-7151,台中市,1.8169900334416844,24.16398635486804,120.63386475119388
7155,TR-7156,台中市,0.9878263164612082,24.175249363470662,120.66691183554158
7162,TR-7163,台中市,1.09088621348703,24.183910031447176,120.69350416969826
7170,TR-7171,台中市,1.8169900334416844,24.146237433086082,120.63875653207499
7178,TR-7179,台中市,1.751406462607071,24.15708515123568,120.68960239999898
7196,TR-7197,台中市,1.301690548312575,24.166334998002412,120.72451710564215
7197,TR-7198,台中市,0.9971953980090102,24.142483430795,120.63587425371666
7199,TR-7200,台中市,1.6998765140941594,24.16770533857965,120.67738309208286
7201,TR-7202,台中市,1.395381363790595,24.13167163172396,120.66998625433341
7224,TR-7225,台中市,1.9575262566587144,24.184542826448624,120.64013501439904
7229,TR-7230,台中市,2.0277943682672293,24.155501191134196,120.66639230409116
7241,TR-7242,台中市,1.7232992179636646,24.161238960644468,120.64040700068317
7248,TR-7249,台中市,0.9737726941395052,24.140156931894346,120.7135924271398
7261,TR-7262,台中市,1.4188040676601,24.16524328998697,120.72498199130958
7262,TR-7263,台中市,1.9575262566587144,24.186658535314404,120.61542332126203
7275,TR-7276,台中市,1.5124948831381198,24.14512087958005,120.63625053271083
7333,TR-7334,台中市,1.0299871834263172,24.12111685103702,120.68739698159025
7340,TR-7341,台中市,1.161154325095545,24.14739728102624,120.66841085344936
7351,TR-7352,台中市,1.09088621348703,24.122902770542133,120.69090484088348
7358,TR-7359,台中市,1.32511325218208,24.19065556409142,120.61426952273057
7363,TR-7364,台中市,1.2079997328345549,24.11831687228237,120.65750692581376
7365,TR-7366,台中市,1.8638354411806943,24.142511406803706,120.64005598562959
7368,TR-7369,台中市,1.0674635096175251,24.12895221411106,120.67344655976227
7391,TR-7392,台中市,1.2079997328345549,24.124563236432124,120.66068771361344
7408,TR-7409,台中市,1.5359175870076247,24.180821580790955,120.68443673839504
7409,TR-7410,台中市,1.7467219218331695,24.152093574327694,120.6566395686471
7415,TR-7416,台中市,0.9971953980090102,24.12413284278752,120.72008196918968
7436,TR-7437,台中市,1.254845140573565,24.192712911573945,120.70228317392949
7443,TR-7444,台中市,1.32511325218208,24.17350399863557,120.64180957152428
7444,TR-7445,台中市,1.32511325218208,24.189308006781328,120.70183829099558
7449,TR-7450,台中市,0.9503499902700004,24.124223857625193,120.66648329343059
7450,TR-7451,台中市,1.0440408057480202,24.117208776372408,120.66269430874921
7502,TR-7503,台中市,1.0440408057480202,24.115973579706157,120.6676458309406
7534,TR-7535,台中市,0.9971953980090102,24.25308204743311,120.69754374290254
7540,TR-7541,台中市,1.9106808489197045,24.186138743097032,120.68830177555189
7556,TR-7557,台中市,1.2079997328345549,24.172194804136215,120.68259783701987
7602,TR-7603,台中市,1.6061856986161398,24.189824675367728,120.68927714050398
7616,TR-7617,台中市,1.2079997328345549,24.16117480654249,120.65565087728169
7625,TR-7626,台中市,1.8404127373111896,24.13242563301136,120.64003502496297
7661,TR-7662,台中市,0.9362963679482972,24.17998446812657,120.6686416589692
7665,TR-7666,台中市,1.301690548312575,24.19210100151644,120.61101687399322
7674,TR-7675,台中市,0.9269272864004954,24.133306639412623,120.66615473751578
7687,TR-7688,台中市,0.8332364709224753,24.125284181441415,120.66413903960152
7689,TR-7690,台中市,1.5359175870076247,24.156611716368477,120.70586033948814
7703,TR-7704,台中市,1.4656494753991098,24.15823715120142,120.67058721243676
7728,TR-7729,台中市,1.2314224367040598,24.115657982461347,120.66784339632883
7736,TR-7737,台中市,1.282952385216971,24.180353617042996,120.66815842437776
7772,TR-7773,台中市,1.5359175870076247,24.15458919732828,120.65024642021082
7794,TR-7795,台中市,2.121485183745249,24.188060537020622,120.68759824716784
7805,TR-7806,台中市,1.8638354411806943,24.141562799633455,120.62852677076052
7827,TR-7828,台中市,1.6296084024856448,24.169832510575038,120.63562941843199
7829,TR-7830,台中市,1.254845140573565,24.149328004256855,120.63603198342426
7843,TR-7844,台中市,1.9575262566587144,24.107468818182145,120.65182055554402
7853,TR-7854,台中市,1.676453810224655,24.170254226568296,120.64213357306419
7858,TR-7859,台中市,1.5359175870076247,24.15911400716498,120.71601039246521
7876,TR-7877,台中市,1.2314224367040598,24.17566939699843,120.69504938222369
7882,TR-7883,台中市,1.55934029087713,24.129708515912355,120.65601064989026
7903,TR-7904,台中市,2.613361965004854,24.15089031694073,120.66781142714032
7908,TR-7909,台中市,1.3813277414688918,24.173124171181755,120.6415547419232
7916,TR-7917,台中市,1.8404127373111896,24.15781688954495,120.64041658093872
7919,TR-7920,台中市,1.55934029087713,24.15885152328812,120.72055744961973
7922,TR-7923,台中市,1.4656494753991098,24.16006386760313,120.68039393065605
7924,TR-7925,台中市,1.7232992179636646,24.172262984394038,120.63630160643184
7927,TR-7928,台中市,1.7935673295721797,24.19255882134943,120.60997208804291
7929,TR-7930,台中市,0.9737726941395052,24.176839942179953,120.69342263407209
7933,TR-7934,台中市,1.13773162122604,24.109945930983088,120.69104416425029
7935,TR-7936,台中市,1.09088621348703,24.12989096415207,120.660880271134
7936,TR-7937,台中市,1.6530311063551495,24.159298528336397,120.70852106741181
7941,TR-7942,台中市,1.4656494753991098,24.1454513779683,120.63854226619463
7967,TR-7968,台中市,1.0674635096175251,24.163885928987863,120.67313144037065
7975,TR-7976,台中市,1.8638354411806943,24.139889336883485,120.65413361408392
7976,TR-7977,台中市,1.6296084024856448,24.135855907735415,120.61026233686951
7987,TR-7988,台中市,1.8404127373111896,24.16508822839828,120.6415968593615
7990,TR-7991,台中市,1.2314224367040598,24.17603063717919,120.66087657493033
8000,TR-8001,台中市,1.0674635096175251,24.168785213431615,120.65910454716573
8013,TR-8014,台中市,1.4188040676601,24.14890234321201,120.71627896580986
8021,TR-8022,台中市,0.9503499902700004,24.15468262577448,120.67621525943329
8032,TR-8033,台中市,0.9737726941395052,24.18818873955731,120.6064812567942
8048,TR-8049,台中市,1.8638354411806943,24.150730227882296,120.64097762498393
8061,TR-8062,台中市,1.2079997328345549,24.152864091453786,120.70097824482544
8064,TR-8065,台中市,1.6998765140941594,24.139090489318754,120.64441453283634
8074,TR-8075,台中市,1.7701446257026745,24.17319329619615,120.63642691533661
8086,TR-8087,台中市,1.0440408057480202,24.178298689844684,120.64965034831775
8100,TR-8101,台中市,1.2314224367040598,24.10587049762266,120.69394595961019
8119,TR-8120,台中市,1.7232992179636646,24.171164068776093,120.63363760598122
8147,TR-8148,台中市,1.55934029087713,24.17561753360926,120.6872742243488
8178,TR-8179,台中市,1.7232992179636646,24.162922074591627,120.70527510080905
8196,TR-8197,台中市,0.9503499902700004,24.10989473037987,120.7016290069285
8225,TR-8226,台中市,1.2314224367040598,24.147245803186337,120.65307078694588
8261,TR-8262,台中市,1.254845140573565,24.17200696748534,120.68783416427685
8277,TR-8278,台中市,1.8638354411806943,24.135299776697543,120.66099391581012
8288,TR-8289,台中市,1.9341035527892092,24.18536873850163,120.687073287185
8307,TR-8308,台中市,1.395381363790595,24.158552283517466,120.71498818759629
8314,TR-8315,台中市,1.8638354411806943,24.15016258203917,120.65321051494045
8357,TR-8358,台中市,1.37195865992109,24.12572297237338,120.66248506152924
8362,TR-8363,台中市,1.4890721792686148,24.175554134328433,120.64202037630147
8368,TR-8369,台中市,1.4890721792686148,24.191829096773134,120.61061412274672
8399,TR-8400,台中市,1.7560910033809718,24.157409142696373,120.68908005837878
8402,TR-8403,台中市,1.8872581450501995,24.16191187257568,120.63859436477692
8410,TR-8411,台中市,1.0206181018785152,24.192698515579302,120.60811126421956
8412,TR-8413,台中市,1.4656494753991098,24.19010443728742,120.61413337559804
8415,TR-8416,台中市,1.4656494753991098,24.165299275496498,120.70656870263599
8418,TR-8419,台中市,0.9971953980090102,24.167716055096157,120.70034333296302
8429,TR-8430,台中市,1.5921320762944369,24.11304831287109,120.64760493402333
8432,TR-8433,台中市,2.0277943682672293,24.160775613245278,120.63919786038939
8441,TR-8442,台中市,1.2923214667647729,24.153783088745225,120.64915632725844
8442,TR-8443,台中市,1.09088621348703,24.150465108006596,120.67582243947903
8463,TR-8464,台中市,1.161154325095545,24.21145288910285,120.704474436973
8466,TR-8467,台中市,1.6296084024856448,24.193296179083067,120.70505768460546
8497,TR-8498,台中市,1.5827629947466348,24.159902828159225,120.66839825877258
8522,TR-8523,台中市,2.1917532953537644,24.187156553100316,120.6159828769906
8528,TR-8529,台中市,1.114308917356535,24.12475745262052,120.65869988244141
8546,TR-8547,台中市,1.18457702896505,24.129613826407937,120.6621305021419
8571,TR-8572,台中市,1.348535956051585,24.162877289373604,120.70546218562583
8576,TR-8577,台中市,2.0277943682672293,24.151486045857926,120.65952438741797
8580,TR-8581,台中市,2.1683305914842594,24.142756598332987,120.63305936237494
8607,TR-8608,台中市,2.051217072136734,24.194359133083527,120.70845127336521
8610,TR-8611,台中市,1.8872581450501995,24.17730084834932,120.6719260553467
8611,TR-8612,台中市,1.5124948831381198,24.172326689732134,120.68089486746108
8637,TR-8638,台中市,1.161154325095545,24.161715223407896,120.68424751559076
8643,TR-8644,台中市,1.0206181018785152,24.20687457866001,120.70891503634441
8669,TR-8670,台中市,1.0440408057480202,24.146894794755344,120.63800685264661
8682,TR-8683,台中市,0.8894509602092873,24.169179947985747,120.68741784818833
8719,TR-8720,台中市,1.0206181018785152,24.154371893498904,120.68741452448006
8722,TR-8723,台中市,0.9503499902700004,24.09126811474594,120.69300692034258
8752,TR-8753,台中市,1.4890721792686148,24.184821724710293,120.61034011064686
8757,TR-8758,台中市,1.161154325095545,24.151882852594756,120.68450784943118
8767,TR-8768,台中市,1.8404127373111896,24.132198300128344,120.63935678627604
8779,TR-8780,台中市,2.0043716643977243,24.18308759341034,120.63948948015727
8783,TR-8784,台中市,1.0299871834263172,24.132549700266136,120.67101707687767
8816,TR-8817,台中市,2.1917532953537644,24.184366049945027,120.68685919136476
8838,TR-8839,台中市,1.37195865992109,24.15941190009493,120.71597037023795
8841,TR-8842,台中市,1.6670847286768526,24.154211383553744,120.66291212685745
8849,TR-8850,台中市,1.27826784444307,24.104435075988537,120.61070177098922
8874,TR-8875,台中市,0.8098137670529704,24.138061983516284,120.68160967649932
8876,TR-8877,台中市,1.4656494753991098,24.181748240934716,120.6871903860179
8880,TR-8881,台中市,0.9035045825309904,24.1595870984492,120.69448728132373
8886,TR-8887,台中市,1.7701446257026745,24.226835244112177,120.70735338125647
8894,TR-8895,台中市,1.5359175870076247,24.18429000936351,120.64013572354258
8916,TR-8917,台中市,2.2151759992232694,24.195810785392975,120.68913466877972
8917,TR-8918,台中市,1.676453810224655,24.144737416418693,120.63826876165456
8924,TR-8925,台中市,2.613361965004854,24.170765730975106,120.64853911047412
8931,TR-8932,台中市,1.37195865992109,24.15543325673912,120.68983272462427
8944,TR-8945,台中市,1.114308917356535,24.164998331398067,120.66153555919819
8951,TR-8952,台中市,1.5827629947466348,24.16634312002682,120.72401517496236
8978,TR-8979,台中市,1.09088621348703,24.115344409771993,120.65270430329811
8985,TR-8986,台中市,1.5124948831381198,24.147243694703278,120.6943198316645
8990,TR-8991,台中市,1.348535956051585,24.105895009967146,120.60259189039897
9000,TR-9001,台中市,1.09088621348703,24.16919679520267,120.6868273091807
9031,TR-9032,台中市,1.8638354411806943,24.173332916476554,120.63439908536051
9035,TR-9036,台中市,1.0674635096175251,24.13711483451443,120.66516093446566
9041,TR-9042,台中市,1.114308917356535,24.118063809890042,120.65739938459404
9045,TR-9046,台中市,0.9035045825309904,24.134633778689885,120.72493926367974
9083,TR-9084,台中市,1.8872581450501995,24.149204430883103,120.63344439612865
9091,TR-9092,台中市,1.8404127373111896,24.16090043816193,120.63852832413657
9099,TR-9100,台中市,1.4656494753991098,24.117237844842784,120.65951667527872
9109,TR-9110,台中市,2.238598703092774,24.156806405676218,120.64075399167194
9120,TR-9121,台中市,1.4422267715296049,24.20275748963252,120.70435666805032
9122,TR-9123,台中市,1.5359175870076247,24.204339941901907,120.67874790937988
9131,TR-9132,台中市,1.348535956051585,24.18136751443503,120.62269311753171
9179,TR-9180,台中市,1.0440408057480202,24.18956090227995,120.7018770759411
9181,TR-9182,台中市,1.348535956051585,24.14110897601475,120.65443535610984
9197,TR-9198,台中市,1.301690548312575,24.16227335027778,120.72040238790376
9200,TR-9201,台中市,1.6155547801639418,24.185302430880693,120.6111851326469
9207,TR-9208,台中市,0.9737726941395052,24.267790751766306,120.53631757964591
9218,TR-9219,台中市,0.9971953980090102,24.176511559599724,120.66604244795859
9225,TR-9226,台中市,1.676453810224655,24.17316658394031,120.63658446144672
9248,TR-9249,台中市,1.27826784444307,24.165338597961345,120.66025529069253
9261,TR-9262,台中市,1.2314224367040598,24.156228344524653,120.65236753064443
9283,TR-9284,台中市,1.0674635096175251,24.151846968091693,120.65539051166765
9285,TR-9286,台中市,1.4188040676601,24.16632324201537,120.72301139137562
9302,TR-9303,台中市,1.4188040676601,24.166215658531094,120.7234348047674
9320,TR-9321,台中市,2.379134926309804,24.16067389266929,120.64201265743105
9324,TR-9325,台中市,1.676453810224655,24.145211529726254,120.61432730658409
9325,TR-9326,台中市,3.3394657849595086,24.166560162018143,120.63784317792432
9335,TR-9336,台中市,1.7935673295721797,24.17604324420279,120.6388400052046
9346,TR-9347,台中市,1.5827629947466348,24.12934262587468,120.64996091481513
9361,TR-9362,台中市,2.4962484456573293,24.158871328162203,120.63200957977024
9385,TR-9386,台中市,0.9971953980090102,24.150493741522133,120.72741458207484
9397,TR-9398,台中市,0.9035045825309904,24.12437937713605,120.6758094957334
9428,TR-9429,台中市,1.161154325095545,24.171036944957404,120.64093069844573
9441,TR-9442,台中市,1.7701446257026745,24.13243437282502,120.67197173624086
9448,TR-9449,台中市,1.4188040676601,24.159183660754906,120.73463903998359
9460,TR-9461,台中市,1.676453810224655,24.154039567113823,120.66279449218247
9478,TR-9479,台中市,1.09088621348703,24.115592913663036,120.65880288849779
9496,TR-9497,台中市,1.0440408057480202,24.164772121286212,120.68667079890253
9520,TR-9521,台中市,1.0674635096175251,24.16288921721371,120.6800030950545
9529,TR-9530,台中市,1.7701446257026745,24.165389681708636,120.70662754416779
9533,TR-9534,台中市,1.37195865992109,24.145634536455532,120.63582596790842
9535,TR-9536,台中市,1.37195865992109,24.10638113880386,120.63456975571147
9540,TR-9541,台中市,1.7232992179636646,24.141886968557696,120.68869451196602
9560,TR-9561,台中市,1.676453810224655,24.145428131104712,120.61428729759677
9583,TR-9584,台中市,2.707052780482874,24.17140682555565,120.6605049610666
9633,TR-9634,台中市,1.13773162122604,24.171657305691248,120.64753280637528
9640,TR-9641,台中市,1.0206181018785152,24.219412706914156,120.64744089680576
9664,TR-9665,台中市,1.4656494753991098,24.1253683202981,120.70023544764616
9680,TR-9681,台中市,1.301690548312575,24.10132352601124,120.62660678585729
9743,TR-9744,台中市,1.348535956051585,24.170354982187852,120.73065957119327
9790,TR-9791,台中市,0.9878263164612082,24.1307082555155,120.65489620702077
9791,TR-9792,台中市,1.09088621348703,24.14209892115604,120.6490406304341
9792,TR-9793,台中市,1.348535956051585,24.141137154353352,120.65491741402009
9824,TR-9825,台中市,1.254845140573565,24.150390244815917,120.65010040723837
9842,TR-9843,台中市,1.114308917356535,24.186496333075706,120.66531761066442
9844,TR-9845,台中市,1.32511325218208,24.134571553690005,120.66652533454688
9862,TR-9863,台中市,1.6061856986161398,24.172793113857658,120.67941742231538
9892,TR-9893,台中市,1.27826784444307,24.137883304130078,120.65346010482163
9902,TR-9903,台中市,1.161154325095545,24.124311203185858,120.66104255276723
9903,TR-9904,台中市,1.7935673295721797,24.14525884667717,120.63731283689181
9918,TR-9919,台中市,0.9035045825309904,24.253588423524523,120.69791677398447
9919,TR-9920,台中市,1.18457702896505,24.085831001946506,120.63864081416794
9940,TR-9941,台中市,1.2079997328345549,24.118289563869777,120.65740862132427
9958,TR-9959,台中市,2.238598703092774,24.1607639307462,120.64190415595223
9963,TR-9964,台中市,1.254845140573565,24.17270783042158,120.72348971264526
9964,TR-9965,台中市,1.114308917356535,24.148165186846946,120.648423826175
9965,TR-9966,台中市,1.7467219218331695,24.17125714586631,120.63479866745438
9996,TR-9997,台中市,1.7139301364158626,24.16783209988313,120.69966399611516
10009,TR-10010,台中市,1.27826784444307,24.14277408932457,120.64040947487759
10018,TR-10019,台中市,1.6998765140941594,24.185135360265136,120.6129475006916
10024,TR-10025,台中市,2.238598703092774,24.150677056739063,120.64917464847044
10032,TR-10033,台中市,1.395381363790595,24.109343781686814,120.59554779839488
10054,TR-10055,台中市,1.4890721792686148,24.179062225219454,120.66806334008282
10058,TR-10059,台中市,0.6692775438359404,24.15046960798677,120.6779479095465
10069,TR-10070,台中市,1.3813277414688918,24.1596734376441,120.71580249625453
10074,TR-10075,台中市,1.9341035527892092,24.174311788832455,120.63595133168178
10091,TR-10092,台中市,1.4188040676601,24.165575699400353,120.6613076865769
10093,TR-10094,台中市,0.8800818786614852,24.109642108944634,120.68816262985929
10104,TR-10105,台中市,1.4890721792686148,24.13468674753974,120.66142844673902
10112,TR-10113,台中市,1.6530311063551495,24.18195179436689,120.6364808425795
10117,TR-10118,台中市,1.254845140573565,24.136047502265498,120.66844012785579
10127,TR-10128,台中市,1.254845140573565,24.15836446412444,120.72582335023824
10133,TR-10134,台中市,2.2620214069622797,24.141198170025767,120.68743672535564
10136,TR-10137,台中市,1.0440408057480202,24.171616574468416,120.67386957857015
10143,TR-10144,台中市,1.4422267715296049,24.117872781832023,120.65677028132556
10148,TR-10149,台中市,1.2314224367040598,24.18137349511871,120.61425806106695
10161,TR-10162,台中市,1.4656494753991098,24.15325381383753,120.70172520976384
10174,TR-10175,台中市,1.9341035527892092,24.197100729796098,120.6841407482228
10175,TR-10176,台中市,1.09088621348703,24.121955713374742,120.65351285259317
10176,TR-10177,台中市,1.2314224367040598,24.12994653670779,120.66150979568951
10185,TR-10186,台中市,1.18457702896505,24.108762521448597,120.59427082197995
10216,TR-10217,台中市,1.9809489605282196,24.142792843252177,120.64456172537699
10228,TR-10229,台中市,0.9503499902700004,24.167966490191468,120.6856985332322
10233,TR-10234,台中市,2.238598703092774,24.1349975056254,120.65106716833012
10237,TR-10238,台中市,1.1049398358087332,24.159129925683786,120.65376691819723
10240,TR-10241,台中市,1.9575262566587144,24.15685159061946,120.63695537268975
10251,TR-10252,台中市,2.121485183745249,24.14380914272856,120.64672364047605
10252,TR-10253,台中市,1.8169900334416844,24.170457058024525,120.6478116694432
10254,TR-10255,台中市,1.5827629947466348,24.13007724643876,120.68900842212555
10263,TR-10264,台中市,1.0206181018785152,24.140401527919572,120.66931444710494
10272,TR-10273,台中市,1.479703097720813,24.143631841838523,120.61449932002851
10290,TR-10291,台中市,1.32511325218208,24.152333731029408,120.70218984214513
10295,TR-10296,台中市,1.254845140573565,24.147547883867993,120.65091502216642
10317,TR-10318,台中市,1.7701446257026745,24.160810425825087,120.63864666895705
10318,TR-10319,台中市,1.13773162122604,24.110397058594568,120.69087585033768
10322,TR-10323,台中市,1.5359175870076247,24.1573892722844,120.69264245096511
10333,TR-10334,台中市,1.4656494753991098,24.1146997647756,120.66733432175506
10334,TR-10335,台中市,1.2314224367040598,24.18248078043273,120.6967064473947
10338,TR-10339,台中市,1.8169900334416844,24.10388428213753,120.69861324795534
10351,TR-10352,台中市,0.9175582048526932,24.16362972956247,120.6843904265764
10354,TR-10355,台中市,1.8169900334416844,24.12950716051726,120.64691051095336
10364,TR-10365,台中市,1.8404127373111896,24.108038581433537,120.65222232891547
10401,TR-10402,台中市,1.676453810224655,24.113213001194225,120.68585204048654
10406,TR-10407,台中市,2.098062479875745,24.133645741408998,120.644380394924
10410,TR-10411,台中市,1.5359175870076247,24.108237557684504,120.69462892135287
10412,TR-10413,台中市,1.8169900334416844,24.170649597657665,120.64908072295857
10429,TR-10430,台中市,1.37195865992109,24.1110778689537,120.67520358420371
10437,TR-10438,台中市,1.676453810224655,24.168192834068762,120.67734250095293
10456,TR-10457,台中市,1.7232992179636646,24.19219607773036,120.70581815708151
10475,TR-10476,台中市,0.8800818786614852,24.18744137620951,120.70308285311664
10476,TR-10477,台中市,1.5124948831381198,24.181855050376683,120.69086141731556
10490,TR-10491,台中市,1.27826784444307,24.18322425295138,120.62136874055642
10493,TR-10494,台中市,1.6998765140941594,24.17150931090822,120.68732360028211
10495,TR-10496,台中市,1.8169900334416844,24.196406351932715,120.68895603791735
10496,TR-10497,台中市,1.4422267715296049,24.19313865952861,120.70765672597409
10509,TR-10510,台中市,1.27826784444307,24.165877958460428,120.72643715944312
10532,TR-10533,台中市,2.1917532953537644,24.183158032901304,120.63873139653764
10534,TR-10535,台中市,2.2151759992232694,24.14239450648328,120.63267665379716
10544,TR-10545,台中市,1.9106808489197045,24.187095458302924,120.68811243381441
10550,TR-10551,台中市,1.5124948831381198,24.166273467408487,120.67917782518639
10558,TR-10559,台中市,2.0277943682672293,24.142622546888287,120.64510337255801
10572,TR-10573,台中市,1.175207947417248,24.139680213936742,120.65349461890641
10575,TR-10576,台中市,2.1917532953537644,24.14549803227083,120.66287594397183
10585,TR-10586,台中市,1.2314224367040598,24.17711527665358,120.64939768135574
10588,TR-10589,台中市,1.09088621348703,24.130224740102193,120.71849452621086
10592,TR-10593,台中市,1.3157441706342778,24.102955902082925,120.68597543121975
10596,TR-10597,台中市,1.09088621348703,24.11972938846865,120.68014986105119
10639,TR-10640,台中市,1.4890721792686148,24.15714275307019,120.72933909958806
10645,TR-10646,台中市,1.6530311063551495,24.135076770838037,120.66222437913302
10662,TR-10663,台中市,1.114308917356535,24.189071993952098,120.70119903379658
10673,TR-10674,台中市,1.0674635096175251,24.15408192375944,120.70503953067097
10698,TR-10699,台中市,0.940980908722198,24.193400761544005,120.60732164358012
10700,TR-10701,台中市,1.5124948831381198,24.145888212725353,120.65166735664486
10742,TR-10743,台中市,1.18457702896505,24.161091181546368,120.73081677609035
10755,TR-10756,台中市,1.0206181018785152,24.199643608488252,120.66154259559437
10757,TR-10758,台中市,1.348535956051585,24.156831660042812,120.54528025658087
10759,TR-10760,台中市,1.2314224367040598,24.171662088615268,120.64183439468353
10763,TR-10764,台中市,1.7232992179636646,24.148663172001566,120.64511621273161
10768,TR-10769,台中市,1.301690548312575,24.151957582877632,120.6147990735722
10776,TR-10777,台中市,1.55934029087713,24.20501748422633,120.67891356560601
10803,TR-10804,台中市,0.8566591747919803,24.18837130243612,120.60724845438581
10826,TR-10827,台中市,1.348535956051585,24.174560537021314,120.66162845324855
10840,TR-10841,台中市,2.1449078876147545,24.158842139203863,120.64251964398323
10849,TR-10850,台中市,1.4656494753991098,24.127334880520678,120.69026453280132
10852,TR-10853,台中市,1.4890721792686148,24.17422259612622,120.68512222110557
10863,TR-10864,台中市,1.32511325218208,24.165481844972792,120.70760162830265
10888,TR-10889,台中市,0.9035045825309904,24.12939969621575,120.68009630316432
10896,TR-10897,台中市,1.0440408057480202,24.14767958103673,120.66127614672487
10908,TR-10909,台中市,0.9644036125917032,24.150912146281996,120.67374502436071
10911,TR-10912,台中市,1.5359175870076247,24.18425884687158,120.70556076138082
10926,TR-10927,台中市,1.4188040676601,24.15255522320522,120.66528799462625
10927,TR-10928,台中市,1.8404127373111896,24.108158982061656,120.59822715622398
10932,TR-10933,台中市,2.074639776006239,24.18674934815871,120.61562975052838
10946,TR-10947,台中市,1.503125801590318,24.158681011186438,120.72112858971103
10959,TR-10960,台中市,1.37195865992109,24.10584412897244,120.60386098497496
10999,TR-11000,台中市,2.1449078876147545,24.182745414893194,120.63988414721642
11008,TR-11009,台中市,1.4422267715296049,24.13308691931247,120.66477786837754
11016,TR-11017,台中市,0.9597190718178024,24.253389214806987,120.69763164940234
11032,TR-11033,台中市,2.238598703092774,24.142098812240413,120.62617357746531
11033,TR-11034,台中市,2.1917532953537644,24.18701025007143,120.61525493670841
11085,TR-11086,台中市,1.9106808489197045,24.120278386183763,120.65445196638944
11095,TR-11096,台中市,1.0674635096175251,24.15925138162949,120.65556746627276
11126,TR-11127,台中市,1.2079997328345549,24.135888442731478,120.63815591247199
11142,TR-11143,台中市,1.254845140573565,24.171058848453345,120.73042189123524
11146,TR-11147,台中市,1.676453810224655,24.113438025601923,120.68550718356603
11155,TR-11156,台中市,0.9971953980090102,24.18893022121846,120.70257740586337
11157,TR-11158,台中市,1.362589578373288,24.186006679491772,120.61117315533403
11166,TR-11167,台中市,2.4962484456573293,24.161838729258154,120.63821077018937
11187,TR-11188,台中市,1.09088621348703,24.117468145327685,120.66157213608022
11197,TR-11198,台中市,1.9809489605282196,24.14241455414309,120.6449661930416
11200,TR-11201,台中市,1.27826784444307,24.156488711318538,120.63623803258828
11210,TR-11211,台中市,1.32511325218208,24.18307995741725,120.62143806494868
11246,TR-11247,台中市,1.6530311063551495,24.189900323539494,120.61554156305237
11271,TR-11272,台中市,0.9737726941395052,24.187028887392536,120.59457485878526
11276,TR-11277,台中市,1.2079997328345549,24.172276272048755,120.68269605424848
11286,TR-11287,台中市,1.5827629947466348,24.11870759373156,120.66267070488814
11295,TR-11296,台中市,1.27826784444307,24.104753625369703,120.68640386240158
11311,TR-11312,台中市,1.0440408057480202,24.152675543792526,120.65445345653912
11326,TR-11327,台中市,1.5827629947466348,24.129562739113055,120.65543056368112
11327,TR-11328,台中市,1.301690548312575,24.257275111173602,120.72810331050208
11338,TR-11339,台中市,1.5827629947466348,24.156792666652162,120.69230929509595
11345,TR-11346,台中市,1.4890721792686148,24.19227979918032,120.61031745384447
11352,TR-11353,台中市,1.6998765140941594,24.140936665542565,120.6272494544363
11362,TR-11363,台中市,1.0440408057480202,24.17980600815363,120.69564978471189
11392,TR-11393,台中市,1.0440408057480202,24.117483124831754,120.66018498701733
11394,TR-11395,台中市,1.2314224367040598,24.16653443996894,120.69189229821062
11403,TR-11404,台中市,1.4984412608164168,24.183035875517525,120.69434288732307
11408,TR-11409,台中市,1.161154325095545,24.125150528432194,120.69063380765243
11410,TR-11411,台中市,1.395381363790595,24.16005239228571,120.71565404352702
11412,TR-11413,台中市,0.9035045825309904,24.233690515497273,120.66871939862014
11416,TR-11417,台中市,1.5827629947466348,24.174925502304017,120.721546042948
11417,TR-11418,台中市,1.2079997328345549,24.10379089669256,120.69704944157309
11424,TR-11425,台中市,1.4422267715296049,24.114606459442996,120.64982392723267
11427,TR-11428,台中市,1.6061856986161398,24.14163393079337,120.69757037677626
11430,TR-11431,台中市,1.8638354411806943,24.165166224785473,120.64020901934865
11436,TR-11437,台中市,1.4656494753991098,24.15865388063835,120.73116631374211
11440,TR-11441,台中市,2.2620214069622797,24.144205814928554,120.64258004068581
11454,TR-11455,台中市,1.37195865992109,24.13544478099199,120.64532980472252
11468,TR-11469,台中市,1.5827629947466348,24.108385384961487,120.598482209538
11493,TR-11494,台中市,2.5196711495268342,24.148399624506077,120.63294485156801
11495,TR-11496,台中市,1.4188040676601,24.1655328804225,120.70596784562017
11501,TR-11502,台中市,1.6717692694507538,24.158553293236064,120.69226571457662
11515,TR-11516,台中市,1.676453810224655,24.15126164242351,120.70342236051798
11517,TR-11518,台中市,1.4188040676601,24.15860687528765,120.73011344148746
11519,TR-11520,台中市,1.6296084024856448,24.163650880121942,120.6688117528602
11539,TR-11540,台中市,1.6998765140941594,24.1500248718029,120.6367089786059
11553,TR-11554,台中市,1.2079997328345549,24.171650275681735,120.66443119750176
11559,TR-11560,台中市,1.0206181018785152,24.150338018694278,120.7162856362352
11583,TR-11584,台中市,1.7467219218331695,24.139850631551436,120.66103111369247
11585,TR-11586,台中市,1.6530311063551495,24.147877451801968,120.64894613196051
11596,TR-11597,台中市,1.0440408057480202,24.17451404160232,120.63746642706431
11610,TR-11611,台中市,2.098062479875745,24.163537813314694,120.64271323857737
11617,TR-11618,台中市,1.0112490203307132,24.19214252947498,120.68359188740325
11619,TR-11620,台中市,1.27826784444307,24.159818382477763,120.71605803977127
11620,TR-11621,台中市,2.379134926309804,24.1425395657739,120.63292222814282
11625,TR-11626,台中市,0.8332364709224753,24.108494704415737,120.70138632651198
11637,TR-11638,台中市,1.4422267715296049,24.19053611698844,120.70190433905513
11645,TR-11646,台中市,0.9362963679482972,24.180345529725543,120.66859151423404
11648,TR-11649,台中市,1.7701446257026745,24.130782670239146,120.64794006926147
11657,TR-11658,台中市,1.301690548312575,24.171770329548618,120.64565271160467
11659,TR-11660,台中市,0.9971953980090102,24.151209772797557,120.61544092867982
11669,TR-11670,台中市,1.09088621348703,24.184218941718314,120.69445818231003
11679,TR-11680,台中市,1.301690548312575,24.171622186084655,120.67227519107959
11699,TR-11700,台中市,2.332289518570794,24.17169556329174,120.66041562120458
11700,TR-11701,台中市,1.5124948831381198,24.17110200849779,120.64558566409536
11710,TR-11711,台中市,1.4656494753991098,24.221156541006277,120.65188630652523
11729,TR-11730,台中市,1.55934029087713,24.167913944328966,120.64526969508982
11741,TR-11742,台中市,1.334482333729882,24.1653793260324,120.70593867317154
